Well Number,Month of Production,Days,BBLS Oil,BBLS Water,MCF Prod
25407,5-2018,28,4382,6423,2995
25407,4-2018,29,5331,11684,4655
25407,3-2018,31,5982,6927,3548
25407,2-2018,18,2843,3588,1826
25407,1-2018,22,3853,4200,2329
25407,12-2017,28,8518,9592,4707
25408,5-2018,31,5947,6798,5495
25408,4-2018,30,6529,8283,5880
25408,3-2018,31,6820,11364,5140
25408,2-2018,28,5853,8333,4547
25408,1-2018,29,9034,6185,5908
25408,12-2017,24,8656,5778,5792
25409,5-2018,0,0,0,0
25409,4-2018,7,756,2430,395
25409,3-2018,31,4925,10892,3000
25409,2-2018,28,8816,6371,4721
25409,1-2018,30,8188,12935,4214
25409,12-2017,27,4483,23780,2924
25410,5-2018,31,5605,11639,6945
25410,4-2018,30,5786,11679,6848
25410,3-2018,26,5073,12005,4171
25410,2-2018,27,3916,9242,2942
25410,1-2018,26,3738,3992,2937
25410,12-2017,28,5838,1981,6296
25411,5-2018,24,4341,7649,3941
25411,4-2018,28,4682,13863,4789
25411,3-2018,31,5342,19102,5949
25411,2-2018,28,5532,24431,4290
25411,1-2018,27,6533,31824,4205
25411,12-2017,27,5425,22155,6168
25412,5-2018,31,4570,3954,7154
25412,4-2018,30,4859,4920,6564
25412,3-2018,31,5487,7505,5576
25412,2-2018,28,5449,8368,4413
25412,1-2018,30,7375,11025,4771
25412,12-2017,26,6018,8107,4203
26365,5-2018,28,1951,3239,1666
26365,4-2018,30,2768,5130,2645
26365,3-2018,30,2808,4403,1820
26365,2-2018,28,2545,4338,1601
26365,1-2018,29,2366,4223,1836
26365,12-2017,31,3086,5155,2263
21521,5-2018,7,184,397,898
21521,4-2018,29,638,1542,2388
21521,3-2018,19,422,1019,2649
21521,2-2018,28,1601,2009,6402
21521,1-2018,31,1224,1993,3586
21521,12-2017,31,1398,2153,4148
18322,5-2018,30,1927,758,2055
18322,4-2018,30,2209,921,2243
18322,3-2018,31,2384,1179,2661
18322,2-2018,28,2356,1347,2627
18322,1-2018,31,2897,1596,2935
18322,12-2017,31,2732,1910,2689
18665,5-2018,30,1916,1949,1139
18665,4-2018,30,1811,1857,1114
18665,3-2018,31,1927,2073,1025
18665,2-2018,28,2313,2280,723
18665,1-2018,31,1915,2539,622
18665,12-2017,31,2048,3669,836
18666,5-2018,31,1258,2866,1086
18666,4-2018,30,1606,3388,1152
18666,3-2018,31,1788,4148,1015
18666,2-2018,28,730,2368,633
18666,1-2018,31,1272,3020,518
18666,12-2017,31,975,4254,643
19806,4-2018,30,1806,954,1317
19806,3-2018,31,1848,986,1455
19806,2-2018,27,1626,824,1457
19806,1-2018,31,1837,938,1914
19806,12-2017,30,1944,864,1296
19806,11-2017,30,1859,814,1584
20115,5-2018,31,2346,2293,2922
20115,4-2018,21,1359,1609,1158
20115,3-2018,25,1656,1501,2437
20115,2-2018,27,1938,2003,2654
20115,1-2018,31,2250,2071,2874
20115,12-2017,31,2238,2398,2282
20116,5-2018,31,1641,747,1905
20116,4-2018,30,1797,819,1771
20116,3-2018,31,1746,796,2179
20116,2-2018,26,1611,807,1965
20116,1-2018,31,1989,1017,2278
20116,12-2017,28,1982,1046,2321
20117,4-2018,30,1849,1814,1356
20117,3-2018,31,2360,2598,1721
20117,2-2018,14,1100,1547,458
20117,1-2018,13,993,1111,595
20117,12-2017,23,2004,2045,1187
20117,11-2017,30,2665,2994,1457
20424,4-2018,19,768,1553,621
20424,3-2018,11,430,388,315
20424,2-2018,28,1123,1213,933
20424,1-2018,31,1259,1362,1048
20424,12-2017,31,1257,1370,992
20424,11-2017,29,1236,1435,964
20483,4-2018,29,1819,728,1009
20483,3-2018,31,2032,823,1251
20483,2-2018,27,1916,762,1114
20483,1-2018,28,1889,764,1092
20483,12-2017,28,1971,814,1141
20483,11-2017,17,1612,699,939
20487,5-2018,31,1156,1218,863
20487,4-2018,30,1146,1819,804
20487,3-2018,31,1401,1441,877
20487,2-2018,28,1252,1624,726
20487,1-2018,31,1311,1257,664
20487,12-2017,31,1194,1752,570
20488,5-2018,31,1375,2285,2203
20488,4-2018,30,1448,4364,2461
20488,3-2018,31,1987,2732,3224
20488,2-2018,28,2022,4040,2907
20488,1-2018,31,2245,2814,3311
20488,12-2017,31,2453,4493,2530
20489,5-2018,31,3102,2670,2581
20489,4-2018,30,2809,1809,2231
20489,3-2018,31,2874,3555,2025
20489,2-2018,27,2337,2353,1695
20489,1-2018,31,2547,4388,1600
20489,12-2017,31,1958,3655,1561
20490,5-2018,31,3368,2569,2312
20490,4-2018,30,3489,1632,2292
20490,3-2018,31,3914,3680,2532
20490,2-2018,28,3894,2452,2348
20490,1-2018,31,4590,4300,3120
20490,12-2017,31,4946,3935,2482
20632,4-2018,30,566,748,671
20632,3-2018,31,641,781,698
20632,2-2018,28,507,720,664
20632,1-2018,31,638,874,754
20632,12-2017,30,601,752,760
20632,11-2017,30,621,793,734
20964,5-2018,20,2653,3418,1990
20964,4-2018,26,3255,3701,1677
20964,3-2018,24,2584,3553,1455
20964,2-2018,26,3248,4728,2225
20964,1-2018,28,3770,8213,3672
20964,12-2017,30,4355,7127,3087
20965,5-2018,31,1468,2862,1236
20965,4-2018,30,2098,3714,1567
20965,3-2018,16,1000,2177,608
20965,2-2018,28,2501,4250,1882
20965,1-2018,30,2520,6562,2167
20965,12-2017,31,2651,7567,2193
21120,4-2018,30,987,492,554
21120,3-2018,31,1071,504,714
21120,2-2018,28,887,476,619
21120,1-2018,31,1152,579,739
21120,12-2017,29,982,481,649
21120,11-2017,30,1043,522,671
21404,5-2018,31,1002,1017,541
21404,4-2018,30,983,1395,380
21404,3-2018,31,1234,1709,295
21404,2-2018,28,1169,1583,244
21404,1-2018,31,1364,1811,294
21404,12-2017,31,1041,2523,358
21405,5-2018,31,1598,3358,1507
21405,4-2018,30,1963,4785,1743
21405,3-2018,31,2165,5501,1862
21405,2-2018,28,2082,5484,1660
21405,1-2018,31,2024,5887,1586
21405,12-2017,31,2500,6543,1779
21551,5-2018,31,1650,1525,1494
21551,4-2018,30,1931,1400,1797
21551,3-2018,31,1819,1728,2023
21551,2-2018,28,1955,1307,1076
21551,1-2018,31,2072,1432,1223
21551,12-2017,31,2100,2074,1677
21552,5-2018,31,1005,602,1423
21552,4-2018,30,1065,611,1235
21552,3-2018,31,1417,931,1256
21552,2-2018,28,1583,738,966
21552,1-2018,31,1605,917,1118
21552,12-2017,31,1576,1181,1482
21553,5-2018,31,2516,1747,1814
21553,4-2018,30,2326,1566,1503
21553,3-2018,31,2280,2005,1395
21553,2-2018,28,2362,1863,980
21553,1-2018,31,2641,1827,884
21553,12-2017,31,2726,2016,1301
21554,5-2018,31,2009,595,1501
21554,4-2018,30,1702,974,1490
21554,3-2018,31,1576,1285,1356
21554,2-2018,28,1451,812,805
21554,1-2018,31,1785,1029,921
21554,12-2017,31,2013,1223,1410
21556,5-2018,31,1917,1631,1440
21556,4-2018,30,1504,1596,1295
21556,3-2018,31,1847,1660,1678
21556,2-2018,28,2220,1553,2592
21556,1-2018,31,2177,1593,875
21556,12-2017,31,2732,2245,1302
21557,5-2018,31,1334,919,1549
21557,4-2018,30,1273,1541,1313
21557,3-2018,31,1314,1125,1451
21557,2-2018,28,1614,1142,1567
21557,1-2018,30,1407,1231,831
21557,12-2017,31,1631,1616,1512
21558,5-2018,31,2145,1612,1730
21558,4-2018,30,2121,1404,1708
21558,3-2018,31,2239,1691,1547
21558,2-2018,28,2061,1467,1260
21558,1-2018,31,2287,1932,1278
21558,12-2017,30,2501,1416,1528
21559,5-2018,31,1858,915,1542
21559,4-2018,30,1870,1125,1905
21559,3-2018,31,1878,951,1878
21559,2-2018,28,1822,1333,1344
21559,1-2018,31,2403,1839,1570
21559,12-2017,31,2598,1110,1951
21560,5-2018,31,2908,1912,2897
21560,4-2018,30,3239,1664,2222
21560,3-2018,31,3322,2503,1709
21560,2-2018,26,1935,1655,2209
21560,1-2018,30,2136,1531,2791
21560,12-2017,31,2090,1556,1425
21561,5-2018,31,1218,1587,1775
21561,4-2018,30,1664,1349,1860
21561,3-2018,31,1808,1162,1793
21561,2-2018,28,1554,1147,1046
21561,1-2018,28,1648,2038,3489
21561,12-2017,28,1519,1070,1202
21904,5-2018,31,2319,988,4367
21904,4-2018,30,2107,17,3555
21904,3-2018,23,1481,29,1920
21904,2-2018,28,1490,146,1907
21904,1-2018,20,699,11,853
21904,12-2017,19,1102,89,1506
21905,5-2018,31,1432,271,1200
21905,4-2018,30,1501,6,1230
21905,3-2018,31,1652,11,1603
21905,2-2018,27,1461,32,1373
21905,1-2018,30,1442,3,1391
21905,12-2017,31,1717,55,1569
21906,5-2018,31,1837,3435,4112
21906,4-2018,30,1910,6133,4046
21906,3-2018,31,1876,5921,4239
21906,2-2018,28,1670,6379,3835
21906,1-2018,30,2212,6528,3981
21906,12-2017,30,2103,4693,3796
21908,5-2018,31,1090,1527,846
21908,4-2018,30,1085,3522,745
21908,3-2018,31,1292,3300,860
21908,2-2018,28,1163,3483,827
21908,1-2018,30,1384,3526,1111
21908,12-2017,31,1466,2269,1048
22028,5-2018,31,3113,3403,2905
22028,4-2018,30,3156,2952,2751
22028,3-2018,31,3372,2869,2291
22028,2-2018,28,3254,2782,1995
22028,1-2018,31,3825,2862,2338
22028,12-2017,29,1348,2667,1173
22029,5-2018,31,2535,3248,1829
22029,4-2018,30,2503,3987,1733
22029,3-2018,31,2216,5355,1302
22029,2-2018,27,1641,5328,751
22029,1-2018,29,1556,7141,940
22029,12-2017,31,2117,9072,737
22092,5-2018,9,143,125,338
22092,4-2018,0,0,0,0
22092,3-2018,31,771,595,597
22092,2-2018,28,755,808,447
22092,1-2018,31,714,378,395
22092,12-2017,31,933,640,661
22093,5-2018,17,384,1662,398
22093,4-2018,30,996,3110,1140
22093,3-2018,31,1092,3348,1356
22093,2-2018,28,1045,3198,1436
22093,1-2018,31,1230,3818,1630
22093,12-2017,31,1267,4189,1493
22649,4-2018,30,1120,970,1151
22649,3-2018,31,1167,1037,1199
22649,2-2018,28,1074,932,1103
22649,1-2018,31,1236,1082,1269
22649,12-2017,30,1175,1020,1207
22649,11-2017,30,1166,1015,1197
22650,4-2018,30,1042,1505,1360
22650,3-2018,31,1091,1575,1423
22650,2-2018,28,675,849,881
22650,1-2018,31,1008,1347,1315
22650,12-2017,29,861,1135,1122
22650,11-2017,30,931,1239,1216
22651,4-2018,30,1192,965,1140
22651,3-2018,31,1472,1302,1409
22651,2-2018,28,1409,1187,1348
22651,1-2018,31,1571,1390,1505
22651,12-2017,30,1575,1461,1507
22651,11-2017,30,1489,1309,1425
22828,4-2018,30,1445,535,1196
22828,3-2018,12,355,181,343
22828,2-2018,28,920,314,760
22828,1-2018,31,1375,391,941
22828,12-2017,31,1122,406,928
22828,11-2017,30,1124,405,929
23093,5-2018,31,10420,9565,15589
23093,4-2018,30,10460,7500,15225
23093,3-2018,31,12337,11562,17875
23093,2-2018,28,12495,10609,18449
23093,1-2018,17,7703,7736,11305
23093,12-2017,31,13931,13737,16023
23094,5-2018,31,2415,619,3066
23094,4-2018,30,2162,606,2533
23094,3-2018,31,2225,690,2874
23094,2-2018,28,2550,1000,2916
23094,1-2018,31,2994,1390,3624
23094,12-2017,31,2600,2097,2280
23095,5-2018,31,1129,511,1858
23095,4-2018,30,1248,512,1625
23095,3-2018,31,1080,534,1706
23095,2-2018,28,1085,608,2069
23095,1-2018,31,1197,824,2626
23095,12-2017,31,1207,854,2459
23096,5-2018,31,542,474,901
23096,4-2018,30,714,614,1052
23096,3-2018,31,587,398,856
23096,2-2018,28,1457,627,1631
23096,1-2018,31,1684,834,2077
23096,12-2017,31,1609,847,1917
23097,5-2018,31,7754,3174,13359
23097,4-2018,30,8820,5088,13979
23097,3-2018,31,9752,3475,12635
23097,2-2018,28,11071,4376,14044
23097,1-2018,31,12580,4284,15194
23097,12-2017,28,9409,6634,10930
23098,5-2018,31,1380,385,3389
23098,4-2018,30,1548,630,3562
23098,3-2018,31,1633,608,4233
23098,2-2018,28,1878,849,4069
23098,1-2018,30,2030,1114,4479
23098,12-2017,31,2177,1180,4537
23099,5-2018,31,2175,403,3982
23099,4-2018,30,2326,514,4430
23099,3-2018,31,2775,645,5913
23099,2-2018,28,2377,604,5106
23099,1-2018,31,2638,705,5534
23099,12-2017,31,2519,703,5103
23100,5-2018,31,2523,554,3509
23100,4-2018,30,2496,641,3149
23100,3-2018,31,2564,630,3282
23100,2-2018,27,2100,518,2711
23100,1-2018,25,1970,581,2802
23100,12-2017,29,2326,799,3383
23101,5-2018,31,2104,464,1740
23101,4-2018,30,2542,453,2160
23101,3-2018,31,2640,604,2616
23101,2-2018,28,2070,601,2098
23101,1-2018,28,2151,669,1953
23101,12-2017,29,2438,825,2121
23102,5-2018,31,2778,1114,3238
23102,4-2018,30,2595,1363,2847
23102,3-2018,31,3494,1278,2985
23102,2-2018,28,3090,1660,2609
23102,1-2018,31,3415,2262,3203
23102,12-2017,31,3241,2230,2821
23169,4-2018,30,1585,776,1430
23169,3-2018,31,1669,922,1505
23169,2-2018,28,1643,848,1483
23169,1-2018,31,1769,766,1595
23169,12-2017,31,1704,749,1536
23169,11-2017,30,1797,818,1621
23331,5-2018,31,2051,1340,1829
23331,4-2018,30,2318,853,1598
23331,3-2018,31,2734,1054,1448
23331,2-2018,28,2549,1223,1392
23331,1-2018,19,1611,764,2660
23331,12-2017,29,2617,1331,3027
23332,5-2018,31,3289,1059,2547
23332,4-2018,18,1497,694,1484
23332,3-2018,31,2577,1383,2069
23332,2-2018,25,2345,1456,2004
23332,1-2018,28,2070,1555,1728
23332,12-2017,29,2170,2007,1728
23333,5-2018,31,2244,1797,2501
23333,4-2018,30,1172,1655,530
23333,3-2018,31,1008,1548,155
23333,2-2018,23,895,379,57
23333,1-2018,31,1158,506,1250
23333,12-2017,29,1170,647,810
23334,5-2018,31,756,1049,918
23334,4-2018,23,1358,746,3321
23334,3-2018,31,2020,1175,3850
23334,2-2018,28,1957,1123,4277
23334,1-2018,31,1979,940,2364
23334,12-2017,29,1655,1507,3042
23335,5-2018,31,1643,1898,3468
23335,4-2018,30,1615,979,3871
23335,3-2018,31,1530,1257,3735
23335,2-2018,28,1674,916,2859
23335,1-2018,31,1835,898,2976
23335,12-2017,29,1659,943,2480
23336,5-2018,31,1617,983,1015
23336,4-2018,30,1391,507,828
23336,3-2018,31,1496,576,711
23336,2-2018,28,1606,818,712
23336,1-2018,31,1388,891,273
23336,12-2017,28,1054,1095,637
23337,5-2018,31,852,1514,652
23337,4-2018,30,1141,1607,607
23337,3-2018,31,1241,1962,473
23337,2-2018,28,1139,2093,271
23337,1-2018,31,1207,2893,259
23337,12-2017,29,1532,2532,991
23338,5-2018,31,1081,2548,4152
23338,4-2018,30,1339,3005,805
23338,3-2018,31,1514,2959,1135
23338,2-2018,28,1470,1483,2968
23338,1-2018,30,1997,1849,3013
23338,12-2017,29,1747,1877,2505
23339,5-2018,31,1110,922,495
23339,4-2018,30,813,569,886
23339,3-2018,31,849,610,795
23339,2-2018,28,604,562,357
23339,1-2018,31,1361,821,724
23339,12-2017,29,1083,712,619
23340,5-2018,31,1733,83,21
23340,4-2018,23,1021,506,866
23340,3-2018,31,1380,905,1126
23340,2-2018,28,1609,1637,839
23340,1-2018,31,2097,1860,1685
23340,12-2017,29,2130,1908,1560
23881,4-2018,30,1296,2207,1367
23881,3-2018,31,1404,2150,1252
23881,2-2018,28,1490,2296,1457
23881,1-2018,31,1599,2247,1890
23881,12-2017,31,1700,1994,1495
23881,11-2017,30,1648,2476,2252
23884,4-2018,30,732,708,443
23884,3-2018,31,898,596,445
23884,2-2018,28,893,849,263
23884,1-2018,31,882,901,193
23884,12-2017,31,1003,943,272
23884,11-2017,30,993,915,344
23885,4-2018,30,1806,2157,2342
23885,3-2018,31,1179,2081,1806
23885,2-2018,23,1072,2185,1126
23885,1-2018,31,1976,2761,2545
23885,12-2017,31,1983,2758,2504
23885,11-2017,30,1912,2781,2243
24206,5-2018,31,2173,1511,982
24206,4-2018,30,1773,1836,1317
24206,3-2018,31,1903,1849,1373
24206,2-2018,28,1597,1684,1227
24206,1-2018,31,2358,2436,1511
24206,12-2017,31,2455,2644,1620
24207,5-2018,31,7391,2595,13093
24207,4-2018,30,8919,4527,14969
24207,3-2018,31,11669,6602,15074
24207,2-2018,18,5163,2947,5582
24207,1-2018,29,10432,5596,9959
24207,12-2017,25,8625,4848,10748
24208,5-2018,31,2937,2337,1588
24208,4-2018,30,1888,2419,1719
24208,3-2018,31,2283,2461,1551
24208,2-2018,28,2222,2026,1318
24208,1-2018,31,3238,2551,1468
24208,12-2017,30,3676,2602,1404
24209,5-2018,31,7884,4767,13398
24209,4-2018,24,7925,2930,9913
24209,3-2018,30,9306,3685,15688
24209,2-2018,28,10430,3879,16751
24209,1-2018,29,12595,5068,16864
24209,12-2017,27,10741,5441,16469
24366,5-2018,31,2126,1552,2302
24366,4-2018,30,2202,1720,3079
24366,3-2018,31,2278,1646,1638
24366,2-2018,28,2063,1536,1367
24366,1-2018,29,2319,1730,1547
24366,12-2017,31,2942,1779,2395
24367,5-2018,31,1512,1552,1421
24367,4-2018,30,1547,1720,519
24367,3-2018,31,1585,1646,1355
24367,2-2018,28,1197,1536,1166
24367,1-2018,29,1559,1730,1437
24367,12-2017,31,1372,1779,1262
24398,5-2018,31,2609,737,2505
24398,4-2018,30,2069,719,2705
24398,3-2018,31,2828,762,2587
24398,2-2018,28,3091,709,2415
24398,1-2018,31,3421,733,2966
24398,12-2017,27,2894,1025,1752
24399,5-2018,31,1949,533,2482
24399,4-2018,30,1847,306,2154
24399,3-2018,31,2027,434,2470
24399,2-2018,28,1741,399,2029
24399,1-2018,31,2083,339,2291
24399,12-2017,31,2244,353,1956
24400,5-2018,31,3116,2251,2677
24400,4-2018,24,2231,1658,1551
24400,3-2018,31,3108,2210,2457
24400,2-2018,28,2446,1583,1920
24400,1-2018,31,2928,2156,2467
24400,12-2017,31,2843,2241,3122
24401,5-2018,17,1568,1134,1095
24401,4-2018,27,1637,1671,1088
24401,3-2018,31,1993,1957,1527
24401,2-2018,28,1879,2255,1383
24401,1-2018,31,2205,2873,1627
24401,12-2017,31,2009,3144,1447
24845,5-2018,31,2444,1624,2298
24845,4-2018,30,2415,1707,2174
24845,3-2018,31,2380,1800,2369
24845,2-2018,27,2268,2665,1749
24845,1-2018,31,1958,3521,1477
24845,12-2017,26,1656,1703,1494
24846,5-2018,31,1186,808,636
24846,4-2018,30,1195,773,605
24846,3-2018,31,1311,783,827
24846,2-2018,27,1061,705,534
24846,1-2018,31,1277,1004,705
24846,12-2017,27,597,1008,107
24847,5-2018,31,1736,2234,1541
24847,4-2018,14,230,290,125
24847,3-2018,31,1377,1402,1407
24847,2-2018,27,1474,984,1284
24847,1-2018,31,1889,1712,2117
24847,12-2017,31,1885,1836,1835
24848,5-2018,31,2218,1345,1791
24848,4-2018,30,2369,1631,1829
24848,3-2018,19,1575,1094,1139
24848,2-2018,27,1611,942,1136
24848,1-2018,31,2034,1576,1621
24848,12-2017,31,2024,1762,1590
24849,5-2018,31,1263,1103,714
24849,4-2018,30,1506,1216,895
24849,3-2018,31,1739,1316,1376
24849,2-2018,27,1534,1023,1133
24849,1-2018,31,1872,1584,1369
24849,12-2017,31,1786,1727,1603
24850,5-2018,31,1250,657,2290
24850,4-2018,30,1370,698,2294
24850,3-2018,31,1738,982,2336
24850,2-2018,27,1462,1284,1965
24850,1-2018,29,1341,1249,1642
24850,12-2017,25,1098,953,1716
25403,5-2018,28,1837,2128,610
25403,4-2018,25,2058,1739,634
25403,3-2018,28,2259,3339,1218
25403,2-2018,28,1755,3915,2540
25403,1-2018,30,2516,4909,2547
25403,12-2017,30,2045,5154,757
25404,5-2018,31,1468,5000,1052
25404,4-2018,30,1524,1584,647
25404,3-2018,31,1298,1812,1302
25404,2-2018,28,1364,3161,2228
25404,1-2018,30,1665,2922,2839
25404,12-2017,30,1259,2464,1000
25405,5-2018,31,1650,2837,810
25405,4-2018,30,1879,4174,1224
25405,3-2018,31,2087,6068,1711
25405,2-2018,28,1792,6136,1082
25405,1-2018,29,1731,7349,717
25405,12-2017,30,1448,7541,259
25406,5-2018,31,2107,3426,1384
25406,4-2018,22,1760,1510,552
25406,3-2018,23,1700,2204,1969
25406,2-2018,28,2152,4097,2717
25406,1-2018,30,2300,6635,2199
25406,12-2017,30,2136,5838,541
25413,5-2018,31,1136,4564,387
25413,4-2018,25,1072,2092,236
25413,3-2018,31,1256,3497,388
25413,2-2018,28,1057,4764,685
25413,1-2018,30,1596,7661,724
25413,12-2017,30,1409,5818,328
25414,5-2018,30,2670,4768,1394
25414,4-2018,30,3130,2522,1365
25414,3-2018,31,3390,3894,1588
25414,2-2018,28,2935,3108,2038
25414,1-2018,30,3799,3968,3159
25414,12-2017,30,3400,4623,536
25430,4-2018,30,1408,3404,1152
25430,3-2018,31,1464,3081,1015
25430,2-2018,25,1681,1787,1069
25430,1-2018,28,1767,1742,1178
25430,12-2017,31,1816,1857,1428
25430,11-2017,30,1714,1959,1647
17434,5-2018,31,797,131,884
17434,4-2018,30,851,157,954
17434,3-2018,31,942,149,1006
17434,2-2018,28,897,63,1026
17434,1-2018,31,969,112,1023
17434,12-2017,29,719,684,586
17929,5-2018,31,581,597,546
17929,4-2018,24,500,1062,379
17929,3-2018,0,0,0,0
17929,2-2018,23,382,224,435
17929,1-2018,31,532,483,576
17929,12-2017,31,550,501,502
17940,5-2018,31,11676,7444,4935
17940,4-2018,19,6816,8853,2689
17940,3-2018,19,6690,5953,3735
17940,2-2018,24,9105,9480,4833
17940,1-2018,30,15035,16952,8351
17940,12-2017,31,19139,37343,9084
18158,5-2018,30,593,190,766
18158,4-2018,30,558,160,683
18158,3-2018,31,602,178,756
18158,2-2018,28,554,109,513
18158,1-2018,30,655,259,455
18158,12-2017,31,592,417,351
18885,5-2018,31,963,954,995
18885,4-2018,30,886,789,814
18885,3-2018,31,886,873,1028
18885,2-2018,28,940,978,820
18885,1-2018,31,1035,765,602
18885,12-2017,31,900,874,555
18886,5-2018,31,869,421,1172
18886,4-2018,30,780,389,937
18886,3-2018,31,879,659,1036
18886,2-2018,28,815,614,857
18886,1-2018,31,878,621,860
18886,12-2017,31,884,815,811
18991,5-2018,31,7249,2710,5795
18991,4-2018,30,7751,1909,6551
18991,3-2018,31,9499,4845,7703
18991,2-2018,28,10262,6284,5739
18991,1-2018,17,8535,5360,4248
18991,12-2017,18,8074,10298,3569
19467,5-2018,31,753,781,887
19467,4-2018,30,712,710,624
19467,3-2018,31,765,614,756
19467,2-2018,28,698,589,658
19467,1-2018,31,780,593,839
19467,12-2017,31,793,499,458
19630,5-2018,31,968,725,1198
19630,4-2018,30,963,729,935
19630,3-2018,31,1037,740,1045
19630,2-2018,28,1005,618,879
19630,1-2018,31,1153,690,1051
19630,12-2017,31,891,981,564
19683,5-2018,31,1211,2569,701
19683,4-2018,30,1089,2395,670
19683,3-2018,31,1204,2732,452
19683,2-2018,7,68,2613,26
19683,1-2018,16,5049,9988,2968
19683,12-2017,31,15789,43360,8446
20271,5-2018,24,7293,10348,4056
20271,4-2018,30,10172,13879,5120
20271,3-2018,16,6088,9085,3564
20271,2-2018,23,8117,11207,4809
20271,1-2018,31,11712,26148,7510
20271,12-2017,31,13474,40361,8808
20289,5-2018,31,1199,330,1470
20289,4-2018,30,1757,435,1686
20289,3-2018,31,1766,487,1551
20289,2-2018,28,1750,487,1385
20289,1-2018,31,1942,539,1536
20289,12-2017,31,2029,463,1751
20290,5-2018,31,1577,379,1345
20290,4-2018,30,1594,492,1501
20290,3-2018,31,1739,578,1575
20290,2-2018,20,1445,367,1336
20290,1-2018,31,2073,470,1922
20290,12-2017,31,1741,591,1478
20291,5-2018,31,1826,729,1842
20291,4-2018,30,1680,686,1650
20291,3-2018,31,1846,721,1775
20291,2-2018,28,1788,701,1611
20291,1-2018,31,1921,769,1600
20291,12-2017,31,2138,815,1773
21091,5-2018,31,637,483,1340
21091,4-2018,30,492,356,887
21091,3-2018,31,743,344,626
21091,2-2018,28,556,332,568
21091,1-2018,31,596,351,485
21091,12-2017,31,667,486,405
21092,5-2018,31,696,507,421
21092,4-2018,30,653,417,531
21092,3-2018,31,671,408,785
21092,2-2018,28,708,320,553
21092,1-2018,31,824,508,746
21092,12-2017,31,725,386,653
21093,5-2018,31,1299,846,974
21093,4-2018,30,1256,891,995
21093,3-2018,31,1311,903,596
21093,2-2018,28,1303,890,516
21093,1-2018,31,1453,1005,808
21093,12-2017,31,1508,983,734
21116,5-2018,31,550,518,1160
21116,4-2018,30,680,758,852
21116,3-2018,31,775,624,726
21116,2-2018,28,532,425,938
21116,1-2018,30,558,579,993
21116,12-2017,30,486,676,828
21824,5-2018,31,531,549,455
21824,4-2018,30,374,244,665
21824,3-2018,31,338,368,751
21824,2-2018,28,526,472,380
21824,1-2018,31,627,474,272
21824,12-2017,31,633,481,421
22718,5-2018,31,801,302,1439
22718,4-2018,30,566,240,1136
22718,3-2018,31,702,341,1244
22718,2-2018,28,732,289,1015
22718,1-2018,31,779,332,1024
22718,12-2017,31,717,590,1032
24419,5-2018,31,1525,2762,1465
24419,4-2018,30,1520,2569,1259
24419,3-2018,31,1494,2796,1312
24419,2-2018,28,1491,2198,1023
24419,1-2018,31,1516,2612,1125
24419,12-2017,31,1472,3772,1008
24420,5-2018,31,516,458,609
24420,4-2018,30,514,431,479
24420,3-2018,31,542,750,548
24420,2-2018,28,569,1176,575
24420,1-2018,30,557,863,581
24420,12-2017,30,564,423,288
24421,5-2018,31,1118,1167,1203
24421,4-2018,30,1104,1170,1205
24421,3-2018,31,1344,804,1236
24421,2-2018,28,1293,688,1069
24421,1-2018,31,1163,951,1028
24421,12-2017,31,1337,1093,840
18027,4-2018,1,0,0,0
18027,3-2018,0,0,0,0
18027,2-2018,0,0,0,0
18027,1-2018,0,0,0,0
18027,12-2017,0,0,0,0
18027,11-2017,0,0,0,0
18331,5-2018,0,0,0,0
18331,4-2018,0,0,0,0
18331,3-2018,0,0,0,0
18331,2-2018,4,0,0,1
18331,1-2018,31,1,6,15
18331,12-2017,31,1818,149,10
18595,4-2018,28,1445,790,1307
18595,3-2018,18,1077,618,968
18595,2-2018,0,0,0,0
18595,1-2018,29,1344,658,1309
18595,12-2017,29,2019,987,1837
18595,11-2017,9,385,317,369
18735,4-2018,29,3002,926,2093
18735,3-2018,31,3152,968,2197
18735,2-2018,27,2618,896,1825
18735,1-2018,31,3075,996,2143
18735,12-2017,31,3039,1101,2119
18735,11-2017,30,2992,1110,2085
18737,4-2018,30,672,178,455
18737,3-2018,31,729,238,494
18737,2-2018,28,780,261,528
18737,1-2018,31,718,223,486
18737,12-2017,25,364,68,246
18737,11-2017,24,639,222,432
18794,4-2018,30,3928,1589,3938
18794,3-2018,31,3944,1538,3618
18794,2-2018,28,3382,1266,2763
18794,1-2018,31,3137,1205,2562
18794,12-2017,31,2904,1083,2373
18794,11-2017,30,2901,986,2369
19404,5-2018,31,586,273,693
19404,4-2018,30,721,278,1016
19404,3-2018,31,1547,490,2268
19404,2-2018,28,1404,431,1581
19404,1-2018,31,1549,446,1778
19404,12-2017,31,1489,359,2000
19515,4-2018,30,879,251,700
19515,3-2018,26,540,256,431
19515,2-2018,28,485,75,386
19515,1-2018,31,1419,313,1132
19515,12-2017,31,1834,334,1511
19515,11-2017,30,1896,439,1554
22072,4-2018,30,4759,1823,4555
22072,3-2018,31,5019,1975,4803
22072,2-2018,28,4531,1806,4335
22072,1-2018,31,4726,1604,4523
22072,12-2017,31,4908,1792,4698
22072,11-2017,30,4647,1875,4447
22073,4-2018,30,3222,2280,3802
22073,3-2018,31,3464,2439,3665
22073,2-2018,28,3158,2194,2945
22073,1-2018,31,3573,2232,2985
22073,12-2017,31,3513,2294,2772
22073,11-2017,30,3246,2100,2555
22129,4-2018,30,876,79,821
22129,3-2018,31,872,101,817
22129,2-2018,28,852,63,798
22129,1-2018,31,953,105,893
22129,12-2017,31,828,59,776
22129,11-2017,30,974,88,912
22131,4-2018,30,2306,1975,2914
22131,3-2018,31,2466,2275,3107
22131,2-2018,28,2202,1987,2956
22131,1-2018,31,2552,2206,3315
22131,12-2017,31,2617,2313,3546
22131,11-2017,30,2324,2044,2904
22214,4-2018,29,708,452,854
22214,3-2018,31,728,454,879
22214,2-2018,28,836,433,1010
22214,1-2018,24,657,447,792
22214,12-2017,31,904,580,1091
22214,11-2017,30,994,497,1200
22215,4-2018,30,1646,1499,1691
22215,3-2018,31,1636,1546,1680
22215,2-2018,15,809,711,832
22215,1-2018,24,1229,1120,1263
22215,12-2017,31,1474,1461,1514
22215,11-2017,10,363,398,374
22216,4-2018,30,1336,1900,1499
22216,3-2018,31,1415,2165,1355
22216,2-2018,28,1365,2126,1306
22216,1-2018,31,1486,2103,1422
22216,12-2017,31,1515,789,1452
22216,11-2017,30,1428,828,1366
22908,4-2018,30,2426,2407,2424
22908,3-2018,31,2623,2815,2706
22908,2-2018,28,2446,2672,2572
22908,1-2018,31,2743,2937,2796
22908,12-2017,31,2697,2172,2802
22908,11-2017,30,2631,1840,2670
23317,4-2018,30,4036,2419,5730
23317,3-2018,31,4229,2527,5660
23317,2-2018,28,3773,2142,4583
23317,1-2018,31,4033,2359,4365
23317,12-2017,31,4024,2383,4057
23317,11-2017,30,3898,2491,3946
23318,4-2018,30,2999,1447,2768
23318,3-2018,31,3181,1554,2876
23318,2-2018,28,2931,1374,2644
23318,1-2018,31,3225,1547,2909
23318,12-2017,31,3259,1613,2940
23318,11-2017,30,3019,1569,2723
23451,4-2018,30,3013,1152,3192
23451,3-2018,31,3079,1121,3234
23451,2-2018,28,2896,1072,3038
23451,1-2018,31,3381,1267,3173
23451,12-2017,31,3416,1251,3383
23451,11-2017,30,3401,1262,3566
23452,4-2018,19,1014,766,1033
23452,3-2018,31,1408,842,1431
23452,2-2018,28,1600,942,1627
23452,1-2018,31,2349,1318,2389
23452,12-2017,31,2687,1532,2732
23452,11-2017,30,2561,1478,2604
23453,4-2018,30,2742,1288,2974
23453,3-2018,31,2983,1341,3228
23453,2-2018,28,3032,1435,3439
23453,1-2018,31,3437,1651,3600
23453,12-2017,31,3227,1500,3284
23453,11-2017,30,3352,1644,3590
24461,4-2018,30,2514,1180,3368
24461,3-2018,31,2923,1280,3769
24461,2-2018,28,2500,998,2849
24461,1-2018,31,2978,1305,3891
24461,12-2017,31,3032,1312,4000
24461,11-2017,30,2900,1173,3701
24462,4-2018,30,2181,1952,4213
24462,3-2018,31,2429,2111,4761
24462,2-2018,28,2277,1929,4512
24462,1-2018,31,2667,2160,4964
24462,12-2017,31,2796,2106,4603
24462,11-2017,30,2282,1741,2982
24463,4-2018,30,2385,1148,2275
24463,3-2018,31,2347,1144,2224
24463,2-2018,28,2140,1012,1899
24463,1-2018,31,2465,1169,2186
24463,12-2017,31,2425,1157,2151
24463,11-2017,30,2466,1136,2188
25010,4-2018,30,3169,1828,2431
25010,3-2018,23,2226,1453,1708
25010,2-2018,28,3019,1695,2456
25010,1-2018,31,3460,1945,2796
25010,12-2017,31,3474,2067,2956
25010,11-2017,30,3542,2041,2837
25246,4-2018,30,2728,1767,3279
25246,3-2018,31,2455,1507,2957
25246,2-2018,28,3201,2075,4285
25246,1-2018,31,3598,2487,3613
25246,12-2017,31,2294,1371,2011
25246,11-2017,30,2056,1214,1803
25628,4-2018,30,1615,241,3549
25628,3-2018,31,1752,196,3468
25628,2-2018,28,1712,162,2929
25628,1-2018,31,2051,281,3254
25628,12-2017,30,1976,258,2812
25628,11-2017,30,2043,317,2779
25629,4-2018,30,3460,2753,2965
25629,3-2018,31,3593,2965,3079
25629,2-2018,21,2093,1868,1794
25629,1-2018,31,3523,3119,3018
25629,12-2017,31,3512,3179,3010
25629,11-2017,30,3483,3216,2985
26163,4-2018,30,3065,656,3821
26163,3-2018,31,3426,728,4074
26163,2-2018,28,3159,604,3208
26163,1-2018,31,3940,641,3796
26163,12-2017,31,4109,830,4321
26163,11-2017,30,3973,841,4144
26164,4-2018,30,3723,2847,3611
26164,3-2018,31,3755,2930,3218
26164,2-2018,28,3039,2741,2605
26164,1-2018,8,766,757,656
26164,12-2017,31,3680,2743,3153
26164,11-2017,30,3634,2727,3115
25011,4-2018,30,3528,3653,6269
25011,3-2018,31,3825,3833,6361
25011,2-2018,28,3636,3406,5337
25011,1-2018,31,3852,3554,5147
25011,12-2017,31,3672,3364,4133
25011,11-2017,30,3758,3352,4256
25012,4-2018,30,2962,1952,2246
25012,3-2018,31,3127,2006,2210
25012,2-2018,28,2781,1914,2430
25012,1-2018,11,638,653,2387
25012,12-2017,21,1941,1475,2744
25012,11-2017,30,2812,2120,2760
31689,5-2018,29,3741,2771,8508
31689,4-2018,30,4627,2229,11787
31689,3-2018,31,5280,1892,15733
31689,2-2018,28,5141,2224,14910
31689,1-2018,31,6468,2576,17693
31689,12-2017,31,6788,2775,19576
29975,5-2018,31,15988,13564,9529
29975,4-2018,25,12630,14191,7850
29975,3-2018,31,18525,21757,11764
29975,2-2018,28,18982,23534,10737
29975,1-2018,31,24279,31595,17973
29975,12-2017,31,26411,38196,19746
22165,4-2018,30,627,600,835
22165,3-2018,31,638,722,853
22165,2-2018,28,623,618,990
22165,1-2018,31,712,684,987
22165,12-2017,29,692,599,898
22165,11-2017,30,822,715,1022
30710,5-2018,31,867,5400,1617
30710,4-2018,30,1201,6024,3119
30710,3-2018,31,873,6658,1774
30710,2-2018,24,1025,3812,5997
30710,1-2018,31,1969,6317,9368
30710,12-2017,31,2508,6139,11296
30291,5-2018,31,2033,1031,6476
30291,4-2018,30,1993,1003,6707
30291,3-2018,31,2155,1069,6567
30291,2-2018,28,2105,1145,6016
30291,1-2018,31,2401,1114,7342
30291,12-2017,31,2428,1202,6398
31014,4-2018,30,7228,2072,6556
31014,3-2018,31,6655,2032,6036
31014,2-2018,28,6046,1794,5483
31014,1-2018,31,5759,2012,5224
31014,12-2017,29,4744,2065,4302
31014,11-2017,13,2029,858,1840
30637,4-2018,30,5582,1341,5924
30637,3-2018,31,5857,1417,5926
30637,2-2018,28,5748,1321,5738
30637,1-2018,27,5262,1438,4769
30637,12-2017,22,4125,1347,3384
30637,11-2017,30,7018,1676,6718
30636,4-2018,30,5746,1172,4349
30636,3-2018,31,6044,1187,4575
30636,2-2018,28,5307,1025,4018
30636,1-2018,31,5693,1114,4309
30636,12-2017,31,5702,1105,4317
30636,11-2017,30,5451,1103,4127
31005,5-2018,31,2788,9287,1894
31005,4-2018,30,2399,9330,1442
31005,3-2018,14,348,5626,318
31005,2-2018,11,614,3429,908
31005,1-2018,31,2016,5389,3690
31005,12-2017,29,2525,3278,5579
31006,5-2018,31,3649,5842,9706
31006,4-2018,30,4307,6903,7207
31006,3-2018,7,832,1451,1421
31006,2-2018,8,682,469,1571
31006,1-2018,31,2549,1847,6180
31006,12-2017,31,2761,1726,5549
29789,4-2018,30,4420,3094,2095
29789,3-2018,31,4917,4062,2282
29789,2-2018,28,4749,3151,2579
29789,1-2018,28,5515,3566,2566
29789,12-2017,25,5644,4166,2545
29789,11-2017,18,3091,2210,1299
29819,4-2018,30,6886,4701,6197
29819,3-2018,31,7512,5246,6761
29819,2-2018,28,6387,4942,5749
29819,1-2018,17,3624,3389,3262
29819,12-2017,24,5334,3861,4801
29819,11-2017,30,6849,4555,6164
29788,4-2018,30,4187,5247,2094
29788,3-2018,31,4872,5350,2436
29788,2-2018,28,4571,5307,2422
29788,1-2018,31,5169,6084,2585
29788,12-2017,31,4306,5709,2153
29788,11-2017,30,3971,5457,1986
19296,4-2018,10,4295,5803,1825
19296,3-2018,23,2442,6663,2750
19296,2-2018,28,4462,10989,6309
19296,1-2018,30,9477,12671,5763
19296,12-2017,31,8185,11052,5690
19296,11-2017,30,9267,6982,12054
31008,5-2018,31,2658,3864,12878
31008,4-2018,23,1407,2857,6502
31008,3-2018,31,2327,2720,10470
31008,2-2018,24,2091,3061,8605
31008,1-2018,31,3237,4285,14994
31008,12-2017,31,3845,4699,11596
31007,5-2018,31,3032,1226,3418
31007,4-2018,30,2987,1204,3648
31007,3-2018,31,3269,1084,3705
31007,2-2018,24,2359,1205,2950
31007,1-2018,31,3142,1449,3951
31007,12-2017,31,3194,1622,4700
27272,4-2018,30,3081,3391,3055
27272,3-2018,31,3308,3570,3333
27272,2-2018,28,3032,3294,3110
27272,1-2018,31,3115,3355,3248
27272,12-2017,31,3294,3423,3194
27272,11-2017,30,3332,3367,2892
27271,4-2018,25,2138,3097,1714
27271,3-2018,29,2501,3311,2008
27271,2-2018,28,2679,3334,2149
27271,1-2018,31,2792,3935,2510
27271,12-2017,31,3099,3904,2516
27271,11-2017,30,3010,3646,2415
27270,4-2018,30,2927,799,2547
27270,3-2018,31,3099,927,2337
27270,2-2018,28,2791,866,2144
27270,1-2018,31,2891,869,2369
27270,12-2017,31,3044,825,2350
27270,11-2017,30,3038,920,2191
25245,4-2018,30,3243,2092,2698
25245,3-2018,31,3274,2014,2724
25245,2-2018,28,3085,1937,2568
25245,1-2018,31,3474,2265,2890
25245,12-2017,31,3531,2199,2938
25245,11-2017,30,3362,2161,2797
29715,5-2018,31,3114,3087,2129
29715,4-2018,30,2992,3062,2013
29715,3-2018,31,3249,3087,2117
29715,2-2018,28,2879,3153,1711
29715,1-2018,30,3123,3134,1860
29715,12-2017,27,2877,1774,1582
29716,5-2018,31,3138,2983,2559
29716,4-2018,30,3157,3021,2196
29716,3-2018,31,3189,2935,2153
29716,2-2018,28,2981,2875,1736
29716,1-2018,30,3328,2881,1859
29716,12-2017,31,3644,2039,1977
29717,5-2018,29,3662,5204,2255
29717,4-2018,30,4085,6354,2456
29717,3-2018,31,4709,6867,2677
29717,2-2018,28,4828,6546,2778
29717,1-2018,29,6303,6769,3359
29717,12-2017,30,7422,9584,3838
25321,4-2018,30,2657,587,3762
25321,3-2018,29,2770,481,2941
25321,2-2018,28,2881,550,3471
25321,1-2018,30,3386,704,3719
25321,12-2017,30,3019,661,3575
25321,11-2017,30,3420,765,3891
25429,4-2018,30,1856,2421,1490
25429,3-2018,31,2039,2768,1736
25429,2-2018,28,2007,2983,1596
25429,1-2018,31,2455,4026,1494
25429,12-2017,31,2564,4154,1438
25429,11-2017,30,2626,4384,1523
25431,4-2018,30,2135,1890,1375
25431,3-2018,31,2128,2119,1093
25431,2-2018,13,926,1000,369
25431,1-2018,25,1750,2283,930
25431,12-2017,31,2257,2839,1129
25431,11-2017,30,1973,2792,1184
20419,4-2018,30,4687,3831,1988
20419,3-2018,31,5302,4794,2354
20419,2-2018,28,4813,4405,1667
20419,1-2018,31,4696,5748,1545
20419,12-2017,31,4832,4831,2321
20419,11-2017,30,3929,3219,1542
21211,4-2018,29,1261,158,758
21211,3-2018,31,1428,221,955
21211,2-2018,28,1319,199,937
21211,1-2018,29,1924,375,2364
21211,12-2017,31,2201,513,2946
21211,11-2017,30,1827,527,2221
20454,4-2018,30,2133,733,2219
20454,3-2018,31,2469,770,2738
20454,2-2018,28,2218,710,2240
20454,1-2018,29,1486,499,849
20454,12-2017,25,1036,305,529
20454,11-2017,30,1473,459,956
21286,4-2018,30,615,451,500
21286,3-2018,31,697,415,541
21286,2-2018,28,629,381,503
21286,1-2018,25,730,420,500
21286,12-2017,26,635,435,500
21286,11-2017,28,555,474,469
25495,4-2018,29,2201,3732,2050
25495,3-2018,31,1655,3594,1399
25495,2-2018,7,121,981,123
25495,1-2018,1,12,0,5
25495,12-2017,28,1453,1583,2175
25495,11-2017,30,1964,2197,4266
25496,4-2018,25,2571,1891,2645
25496,3-2018,31,2740,2689,2553
25496,2-2018,6,213,547,218
25496,1-2018,2,183,19,440
25496,12-2017,28,1331,952,3163
25496,11-2017,30,2056,1163,6042
26268,4-2018,17,243,1841,241
26268,3-2018,16,234,2192,269
26268,2-2018,3,92,321,96
26268,1-2018,0,0,0,0
26268,12-2017,21,1047,1266,1597
26268,11-2017,28,1558,1996,2573
26703,5-2018,31,2155,2976,1601
26703,4-2018,30,2237,3121,1751
26703,3-2018,31,2104,4524,1773
26703,2-2018,27,1686,3576,1578
26703,1-2018,31,2239,5398,1655
26703,12-2017,31,2211,4818,1383
26705,5-2018,31,2264,3138,1401
26705,4-2018,30,2237,2855,1004
26705,3-2018,31,2327,5437,968
26705,2-2018,28,2019,7097,790
26705,1-2018,31,2325,6980,873
26705,12-2017,31,2788,9392,1593
26704,5-2018,31,2146,3689,913
26704,4-2018,30,1908,3388,822
26704,3-2018,28,2656,6024,1205
26704,2-2018,24,4034,9731,2841
26704,1-2018,26,4432,10256,3553
26704,12-2017,30,3541,10418,3395
26702,5-2018,31,2700,4662,1272
26702,4-2018,30,2742,4511,1319
26702,3-2018,31,2637,8399,1179
26702,2-2018,28,2544,9244,1007
26702,1-2018,31,2825,10006,1166
26702,12-2017,31,2643,9117,1091
27429,4-2018,30,5428,2510,4544
27429,3-2018,31,5646,2606,4747
27429,2-2018,28,4502,2536,3768
27429,1-2018,18,3175,1507,2783
27429,12-2017,31,5443,2600,4590
27429,11-2017,30,5338,2547,4467
27430,4-2018,30,5476,3111,4474
27430,3-2018,31,6383,3466,6046
27430,2-2018,26,5694,2982,5014
27430,1-2018,30,6274,3382,5737
27430,12-2017,31,6189,3314,5296
27430,11-2017,30,6206,3250,5159
27428,4-2018,30,5822,3710,5037
27428,3-2018,31,6394,3954,6508
27428,2-2018,28,5517,3483,5578
27428,1-2018,31,5752,3785,5160
27428,12-2017,31,5369,3473,4665
27428,11-2017,30,5671,3666,4906
28677,4-2018,29,4352,2856,3642
28677,3-2018,31,5051,3212,4460
28677,2-2018,28,4196,2783,3712
28677,1-2018,31,4227,2912,3538
28677,12-2017,31,4179,2954,3497
28677,11-2017,29,4027,2913,3371
26595,5-2018,21,2054,1957,3514
26595,4-2018,29,4685,5279,7584
26595,3-2018,21,2865,3289,5042
26595,2-2018,23,3457,3575,6315
26595,1-2018,31,5787,6095,11119
26595,12-2017,23,2418,2961,6542
26596,5-2018,31,2886,3085,2800
26596,4-2018,30,3089,3255,2986
26596,3-2018,31,3402,3282,2994
26596,2-2018,28,2991,2726,2544
26596,1-2018,31,3399,3133,2373
26596,12-2017,31,2315,3324,1691
26597,5-2018,28,1405,1263,2691
26597,4-2018,30,1958,1753,4216
26597,3-2018,31,1964,1701,4171
26597,2-2018,28,1962,1484,4330
26597,1-2018,31,2147,1752,4289
26597,12-2017,31,1838,2044,3860
17251,5-2018,29,593,1767,1351
17251,4-2018,30,751,915,1590
17251,3-2018,30,704,857,1237
17251,2-2018,28,623,692,847
17251,1-2018,31,833,845,1411
17251,12-2017,31,862,955,1279
17254,5-2018,0,0,0,0
17254,4-2018,0,0,0,0
17254,3-2018,0,0,0,0
17254,2-2018,23,500,522,1416
17254,1-2018,12,277,247,577
17254,12-2017,31,765,522,1568
17266,5-2018,8,7,1991,0
17266,4-2018,0,0,13,0
17266,3-2018,0,0,0,0
17266,2-2018,26,1371,1654,3433
17266,1-2018,12,534,817,1557
17266,12-2017,30,1417,2420,4173
28265,5-2018,31,2559,2739,8617
28265,4-2018,30,3011,2326,8571
28265,3-2018,31,2797,1767,7414
28265,2-2018,28,2417,1724,6944
28265,1-2018,31,2699,2072,10008
28265,12-2017,31,3410,3013,12261
29375,5-2018,31,1291,1171,2554
29375,4-2018,30,1655,1269,2932
29375,3-2018,31,1913,1613,3778
29375,2-2018,25,1415,1218,3088
29375,1-2018,31,1818,1386,4139
29375,12-2017,31,1778,1192,3221
29714,5-2018,29,3302,3156,1932
29714,4-2018,26,3025,2628,1615
29714,3-2018,31,3541,3032,1782
29714,2-2018,28,3221,3064,1378
29714,1-2018,26,2633,2980,1340
29714,12-2017,31,3067,3119,1520
30290,5-2018,31,1607,3344,7659
30290,4-2018,30,2006,3170,7371
30290,3-2018,31,1955,3456,6529
30290,2-2018,28,1894,3206,5215
30290,1-2018,31,1984,2557,3939
30290,12-2017,31,1131,2017,1504
30289,5-2018,31,1566,1278,9540
30289,4-2018,30,2186,1421,10877
30289,3-2018,31,2349,1591,11316
30289,2-2018,28,2130,1844,11381
30289,1-2018,31,2294,1979,13173
30289,12-2017,31,2701,2279,14105
30288,5-2018,31,1210,2160,3807
30288,4-2018,30,1269,2186,4077
30288,3-2018,31,1458,2921,4709
30288,2-2018,28,1268,2941,4619
30288,1-2018,31,1997,3097,5292
30288,12-2017,31,1985,3189,4720
30287,5-2018,31,1784,1371,6448
30287,4-2018,30,1682,1482,6732
30287,3-2018,31,1994,1574,7275
30287,2-2018,28,1835,1854,6627
30287,1-2018,31,2031,2170,7640
30287,12-2017,31,2234,2170,7122
26364,5-2018,31,2461,4327,1815
26364,4-2018,30,3000,3791,1735
26364,3-2018,31,2109,4302,1099
26364,2-2018,28,2389,4353,1632
26364,1-2018,31,3200,4291,1932
26364,12-2017,31,3170,5139,1766
21217,4-2018,30,949,492,1592
21217,3-2018,31,960,543,1609
21217,2-2018,28,892,492,1497
21217,1-2018,31,969,551,1625
21217,12-2017,31,1020,541,1711
21217,11-2017,28,981,525,1646
17261,10-2015,0,0,0,0
17261,8-2015,0,0,0,0
17261,7-2015,0,0,0,0
17261,6-2015,0,0,0,0
17261,5-2015,0,0,0,0
17261,4-2015,0,0,0,0
31530,5-2018,29,1307,2230,3907
31530,4-2018,30,1653,1741,4288
31530,3-2018,31,2172,1556,5656
31530,2-2018,28,2088,2056,5644
31530,1-2018,29,1996,2007,4880
31530,12-2017,31,2606,2422,6478
29472,4-2018,29,3996,1410,3004
29472,3-2018,31,4400,1533,3305
29472,2-2018,28,4658,1412,3505
29472,1-2018,31,5642,2032,4214
29472,12-2017,21,3367,1976,2526
29472,11-2017,19,4030,2050,3075
19150,4-2018,30,1539,586,1797
19150,3-2018,31,1528,591,2036
19150,2-2018,28,1434,559,1845
19150,1-2018,31,1628,648,2001
19150,12-2017,31,1658,638,2023
19150,11-2017,30,1614,599,1868
30773,4-2018,30,4107,1168,1895
30773,3-2018,31,4290,1428,2033
30773,2-2018,28,5172,2286,2112
30773,1-2018,31,4705,7426,1840
30773,12-2017,31,5889,6900,3218
30773,11-2017,30,4907,4805,2178
30771,4-2018,30,3299,5200,1359
30771,3-2018,31,3867,1293,1719
30771,2-2018,28,3836,4437,1361
30771,1-2018,31,7389,3684,2755
30771,12-2017,31,6213,3055,3242
30771,11-2017,30,7287,8890,3334
30768,4-2018,30,4005,3660,1705
30768,3-2018,29,4053,5217,1882
30768,2-2018,28,3395,5623,1318
30768,1-2018,31,3640,4919,1282
30768,12-2017,31,4055,9287,2015
30768,11-2017,30,4007,9976,1778
30772,4-2018,30,3809,7461,1711
30772,3-2018,31,3130,6692,1593
30772,2-2018,28,2642,5403,1091
30772,1-2018,31,2121,1755,821
30772,12-2017,31,2522,3128,1356
30772,11-2017,30,3111,8712,1444
30770,4-2018,30,2694,10349,1228
30770,3-2018,31,3086,12651,1522
30770,2-2018,28,2790,11065,1187
30770,1-2018,31,2693,14428,1147
30770,12-2017,31,4263,13537,2340
30770,11-2017,28,2851,8842,1303
30769,4-2018,30,2954,11710,1373
30769,3-2018,31,3402,14401,1707
30769,2-2018,28,2776,11201,1137
30769,1-2018,31,3003,12499,1147
30769,12-2017,31,3837,12206,2004
30769,11-2017,30,4167,11950,1969
32401,5-2018,0,0,0,0
32401,4-2018,26,2450,1070,3789
32401,3-2018,30,3069,1286,5609
32401,2-2018,28,2980,1246,4995
32401,1-2018,31,3932,1425,5402
32401,12-2017,31,3779,1529,5942
32402,5-2018,0,0,0,0
32402,4-2018,25,3097,6211,25181
32402,3-2018,30,5119,9449,33758
32402,2-2018,23,2941,6243,25586
32402,1-2018,31,4785,8930,37592
32402,12-2017,31,4687,9361,34467
32403,5-2018,13,497,211,854
32403,4-2018,29,1568,574,2134
32403,3-2018,31,1690,813,4825
32403,2-2018,28,1770,891,4874
32403,1-2018,31,2299,904,13375
32403,12-2017,31,2475,1228,13474
32404,5-2018,13,169,1258,1025
32404,4-2018,29,826,2644,2332
32404,3-2018,31,630,3329,4697
32404,2-2018,28,700,3360,2681
32404,1-2018,23,392,3329,2903
32404,12-2017,31,1887,6895,20869
32405,5-2018,31,1974,3550,12294
32405,4-2018,29,2911,3227,16072
32405,3-2018,31,3213,3314,16211
32405,2-2018,28,3752,3309,16183
32405,1-2018,31,3568,3401,13044
32405,12-2017,31,3906,3621,12755
32406,5-2018,31,937,3547,8881
32406,4-2018,29,1180,1731,7633
32406,3-2018,31,1438,2116,8534
32406,2-2018,28,1563,2169,7209
32406,1-2018,25,901,2061,5808
32406,12-2017,31,1535,2216,9220
30711,5-2018,31,3329,3408,10923
30711,4-2018,30,3021,4231,12272
30711,3-2018,25,1720,3057,3646
30711,2-2018,28,976,3165,6831
30711,1-2018,31,3371,1320,12368
30711,12-2017,31,2010,1481,14699
30712,5-2018,31,1420,3332,1929
30712,4-2018,30,2173,5541,4283
30712,3-2018,31,2285,6617,2256
30712,2-2018,19,696,1265,1521
30712,1-2018,29,2328,3792,5619
30712,12-2017,31,2490,4888,9101
30904,5-2018,31,1496,2171,5157
30904,4-2018,28,1775,2763,6730
30904,3-2018,31,1974,5592,4371
30904,2-2018,18,1170,1348,2514
30904,1-2018,31,2624,2889,5351
30904,12-2017,29,2220,3112,2729
30909,5-2018,31,3497,2032,7342
30909,4-2018,30,3728,2602,7509
30909,3-2018,21,1733,783,1492
30909,2-2018,28,1977,700,79
30909,1-2018,31,3995,1810,6465
30909,12-2017,31,3911,2107,10123
30907,5-2018,31,1147,3252,5934
30907,4-2018,30,1941,3954,7959
30907,3-2018,31,3467,3758,8617
30907,2-2018,28,1045,1233,117
30907,1-2018,25,1765,1453,5448
30907,12-2017,31,2856,2571,10260
30906,5-2018,31,541,2039,1423
30906,4-2018,30,920,3097,1095
30906,3-2018,31,472,4083,789
30906,2-2018,25,638,2940,123
30906,1-2018,31,1547,5810,10293
30906,12-2017,30,2294,4377,10888
30905,5-2018,30,1665,1877,8739
30905,4-2018,30,2334,1982,12032
30905,3-2018,31,2107,2477,6700
30905,2-2018,28,1614,1660,17178
30905,1-2018,10,248,161,17822
30905,12-2017,31,1007,2591,8165
30707,5-2018,30,664,1163,588
30707,4-2018,11,1529,938,2776
30707,3-2018,0,0,0,0
30707,2-2018,27,2879,2106,301
30707,1-2018,26,4200,1901,12560
30707,12-2017,31,5305,4244,14904
30709,5-2018,31,1877,2701,2300
30709,4-2018,30,955,2737,2361
30709,3-2018,31,521,3965,6901
30709,2-2018,28,1667,1480,7174
30709,1-2018,25,2008,1303,9141
30709,12-2017,31,3324,2360,10954
30708,5-2018,30,1194,3998,659
30708,4-2018,20,1172,3125,280
30708,3-2018,31,1574,3795,755
30708,2-2018,28,938,2202,84
30708,1-2018,26,1396,2641,7847
30708,12-2017,31,1563,1552,6331
30908,5-2018,31,1472,959,155
30908,4-2018,30,743,1773,406
30908,3-2018,31,1215,2853,970
30908,2-2018,28,808,2023,56
30908,1-2018,23,1022,2047,1376
30908,12-2017,31,1397,2715,1412
17260,5-2018,31,1331,471,7377
17260,4-2018,30,1069,589,5288
17260,3-2018,27,1108,310,4963
17260,2-2018,28,1762,871,7663
17260,1-2018,31,1688,1116,7753
17260,12-2017,31,1600,509,7287
26362,5-2018,31,2721,4959,2278
26362,4-2018,30,2690,5109,2115
26362,3-2018,31,3028,5522,2540
26362,2-2018,26,2871,5110,1985
26362,1-2018,28,2659,3257,1441
26362,12-2017,31,2676,4446,1698
26363,5-2018,31,2713,5633,2880
26363,4-2018,30,2675,5741,2136
26363,3-2018,30,2825,5188,1893
26363,2-2018,24,2250,4102,1129
26363,1-2018,26,1826,4415,1168
26363,12-2017,31,2686,5778,1959
31215,4-2018,30,1708,2182,1089
31215,3-2018,31,1890,3076,983
31215,2-2018,28,1894,2697,1135
31215,1-2018,31,2477,3739,1631
31215,12-2017,24,2233,4018,1052
31215,11-2017,1,3,5,3
31217,4-2018,30,1882,2534,1315
31217,3-2018,29,982,1450,716
31217,2-2018,28,1037,1541,774
31217,1-2018,31,1719,2911,902
31217,12-2017,31,1903,4175,760
31217,11-2017,28,1330,2562,1087
31219,4-2018,26,1447,1550,770
31219,3-2018,26,1396,921,756
31219,2-2018,25,1247,630,1077
31219,1-2018,31,1715,1014,1113
31219,12-2017,31,1844,2148,1124
31219,11-2017,24,1395,1896,560
31221,4-2018,15,699,1541,673
31221,3-2018,31,1578,3203,1130
31221,2-2018,28,1255,2740,752
31221,1-2018,31,1591,2070,1204
31221,12-2017,31,1763,476,1078
31221,11-2017,27,1456,1557,703
31216,4-2018,30,1231,2308,1023
31216,3-2018,31,1344,3102,911
31216,2-2018,28,1347,2437,947
31216,1-2018,31,1836,3706,1355
31216,12-2017,24,1541,3962,924
31216,11-2017,18,899,1869,692
31218,4-2018,30,1604,3550,985
31218,3-2018,28,2280,909,1062
31218,2-2018,28,1535,3322,1288
31218,1-2018,31,1835,4037,1265
31218,12-2017,31,1978,1787,1211
31218,11-2017,30,1861,4694,1195
31220,4-2018,29,1141,3118,1159
31220,3-2018,31,1431,4672,1073
31220,2-2018,28,1408,3623,1185
31220,1-2018,31,1569,4106,1200
31220,12-2017,31,1922,6000,767
31220,11-2017,13,729,1836,345
28668,4-2018,28,4008,3624,3708
28668,3-2018,30,3944,2928,3123
28668,2-2018,14,1349,1291,1239
28668,1-2018,26,3968,2458,4111
28668,12-2017,31,4894,2985,4680
28668,11-2017,30,3711,2776,3442
31288,4-2018,30,10640,11683,6385
31288,3-2018,31,11524,12083,6339
31288,2-2018,12,3572,4103,4592
31288,1-2018,31,11128,11635,6120
31288,12-2017,19,6319,7091,3475
31288,11-2017,30,8025,8293,4414
29790,4-2018,30,6965,6232,3483
29790,3-2018,31,6972,6391,3187
29790,2-2018,28,6134,5503,3665
29790,1-2018,31,7970,7203,3734
29790,12-2017,31,9953,8457,4614
29790,11-2017,29,10258,8229,4616
31187,4-2018,30,5802,6272,2900
31187,3-2018,31,6820,6355,3121
31187,2-2018,28,6207,6077,2979
31187,1-2018,31,6285,6924,2965
31187,12-2017,31,7715,7614,3612
31187,11-2017,30,8917,8699,4013
32985,4-2018,26,5855,6398,2928
32985,3-2018,31,6591,7560,3021
32985,2-2018,28,6033,6952,2955
32985,1-2018,27,6291,5554,2891
32985,12-2017,20,5784,5554,2603
32985,11-2017,30,6131,7424,2759
32790,5-2018,31,5980,16024,7413
32790,4-2018,25,5761,15202,4290
32790,3-2018,23,4706,4845,4559
32790,2-2018,28,6375,10250,5439
32790,1-2018,25,5954,9709,3929
32790,12-2017,27,6394,15400,4513
32789,5-2018,31,4586,7324,4670
32789,4-2018,29,5405,8504,4835
32789,3-2018,31,6273,10380,5794
32789,2-2018,28,6671,10125,6270
32789,1-2018,31,8263,11207,7037
32789,12-2017,28,7996,8943,6639
26732,5-2018,31,7916,13051,6796
26732,4-2018,29,8377,13534,6324
26732,3-2018,31,8080,9892,5166
26732,2-2018,28,8047,8228,4739
26732,1-2018,24,5411,6553,3192
26732,12-2017,29,8804,8914,5249
30171,5-2018,31,17959,15766,12440
30171,4-2018,30,21337,18118,13597
30171,3-2018,31,22996,23051,15018
30171,2-2018,28,24192,23649,15622
30171,1-2018,31,28446,28455,15520
30171,12-2017,27,28425,27066,15218
30172,5-2018,31,17196,17302,12902
30172,4-2018,30,17217,20304,13166
30172,3-2018,31,20164,27342,13308
30172,2-2018,28,20936,28757,13050
30172,1-2018,30,23634,31452,15067
30172,12-2017,27,20611,30944,12207
29976,5-2018,31,12623,19300,19749
29976,4-2018,30,14857,21016,18179
29976,3-2018,31,15576,23553,11401
29976,2-2018,28,16805,27710,14178
29976,1-2018,31,19140,35702,14676
29976,12-2017,31,23842,48099,20085
32527,4-2018,30,3283,7751,2626
32527,3-2018,31,3597,8017,2698
32527,2-2018,28,3099,7168,2439
32527,1-2018,31,4168,9999,3126
32527,12-2017,30,4362,10186,3271
32527,11-2017,28,4584,11322,3438
32528,4-2018,30,5068,8151,4081
32528,3-2018,31,5254,8193,3766
32528,2-2018,28,5238,7990,3907
32528,1-2018,31,6360,11235,4133
32528,12-2017,30,6914,10624,4494
32528,11-2017,28,6870,11859,4465
22071,4-2018,30,3698,4680,3206
22071,3-2018,31,4173,5614,4908
22071,2-2018,28,3563,5153,4289
22071,1-2018,31,3653,5500,4374
22071,12-2017,31,3420,5889,3308
22071,11-2017,30,1717,3585,1489
23882,4-2018,30,1632,2111,1359
23882,3-2018,31,1695,2254,1474
23882,2-2018,28,1602,1886,1296
23882,1-2018,31,1554,2833,1349
23882,12-2017,27,1335,2606,748
23882,11-2017,30,1605,2314,1465
23883,4-2018,30,1643,1027,1289
23883,3-2018,31,1745,1177,1521
23883,2-2018,28,1765,1066,1447
23883,1-2018,31,2166,1053,1794
23883,12-2017,11,786,374,475
23883,11-2017,30,1932,1152,1728
